"Date","Price","Open","High","Low","Vol.","Change %"
"12/29/2023","10.120","10.120","10.140","10.100","633.48K","0.20%"
"12/28/2023","10.100","10.020","10.100","10.020","1.00M","0.80%"
"12/27/2023","10.020","10.120","10.180","10.020","1.23M","-0.60%"
"12/26/2023","10.080","10.120","10.120","10.040","1.08M","-0.20%"
"12/25/2023","10.100","10.180","10.200","10.080","541.25K","-0.98%"
"12/22/2023","10.200","10.140","10.200","10.060","376.69K","0.59%"
"12/21/2023","10.140","10.160","10.160","10.040","444.91K","-0.20%"
"12/20/2023","10.160","10.020","10.160","9.950","867.24K","1.20%"
"12/19/2023","10.040","9.920","10.040","9.890","1.89M","1.11%"
"12/18/2023","9.930","10.080","10.080","9.930","3.12M","-0.70%"
"12/15/2023","10.000","10.060","10.100","9.980","3.46M","-0.40%"
"12/14/2023","10.040","10.000","10.080","10.000","2.90M","0.70%"
"12/13/2023","9.970","10.120","10.140","9.970","1.67M","-1.87%"
"12/12/2023","10.160","10.000","10.160","9.960","1.14M","1.70%"
"12/11/2023","9.990","10.120","10.120","9.900","1.96M","-0.30%"
"12/08/2023","10.020","10.240","10.240","10.020","622.39K","-2.34%"
"12/07/2023","10.260","10.200","10.280","10.180","990.50K","0.00%"
"12/06/2023","10.260","10.280","10.300","10.180","882.99K","-0.39%"
"12/05/2023","10.300","10.200","10.300","10.180","731.07K","0.19%"
"12/01/2023","10.280","10.200","10.320","10.160","920.63K","0.78%"
"11/30/2023","10.200","10.240","10.320","10.200","8.56M","-0.58%"
"11/29/2023","10.260","10.260","10.300","10.220","1.84M","0.00%"
"11/28/2023","10.260","10.340","10.360","10.260","3.54M","-0.77%"
"11/27/2023","10.340","10.440","10.520","10.340","1.54M","-0.96%"
"11/24/2023","10.440","10.420","10.440","10.360","867.48K","0.38%"
"11/23/2023","10.400","10.380","10.500","10.280","1.12M","-0.38%"
"11/22/2023","10.440","10.560","10.560","10.340","1.76M","-1.14%"
"11/21/2023","10.560","10.600","10.600","10.480","2.09M","0.00%"
"11/20/2023","10.560","10.540","10.580","10.520","1.38M","0.19%"
"11/17/2023","10.540","10.440","10.540","10.440","916.42K","0.57%"
"11/16/2023","10.480","10.320","10.500","10.280","4.99M","1.55%"
"11/15/2023","10.320","10.540","10.540","10.300","1.91M","-1.53%"
"11/14/2023","10.480","10.480","10.540","10.460","1.80M","0.19%"
"11/13/2023","10.460","10.560","10.660","10.460","2.26M","-1.69%"
"11/10/2023","10.640","10.600","10.640","10.540","326.30K","0.38%"
"11/09/2023","10.600","10.620","10.620","10.480","1.41M","-0.75%"
"11/08/2023","10.680","10.800","10.800","10.580","1.71M","-0.93%"
"11/07/2023","10.780","10.780","10.900","10.740","1.98M","0.00%"
"11/06/2023","10.780","10.760","10.860","10.700","1.82M","0.75%"
"11/03/2023","10.700","10.700","10.760","10.580","570.97K","0.00%"
"11/02/2023","10.700","10.660","10.720","10.560","917.69K","0.75%"
"11/01/2023","10.620","10.360","10.620","10.200","1.82M","3.11%"
"10/31/2023","10.300","10.060","10.300","10.000","2.49M","2.79%"
"10/30/2023","10.020","9.940","10.200","9.940","2.69M","1.21%"
"10/27/2023","9.900","10.100","10.160","9.900","998.45K","-1.39%"
"10/26/2023","10.040","10.300","10.360","10.040","4.42M","1.93%"
"10/24/2023","9.850","9.800","9.910","9.800","2.35M","0.31%"
"10/23/2023","9.820","10.000","10.140","9.820","1.44M","-1.80%"
"10/20/2023","10.000","10.700","10.700","9.960","3.13M","-6.37%"
"10/19/2023","10.680","10.860","10.880","10.680","2.53M","-1.84%"
"10/18/2023","10.880","10.660","10.900","10.560","2.54M","2.06%"
"10/17/2023","10.660","10.660","10.800","10.620","1.41M","-0.19%"
"10/16/2023","10.680","10.900","10.900","10.520","1.87M","-0.93%"
"10/13/2023","10.780","11.000","11.000","10.500","2.10M","-2.00%"
"10/12/2023","11.000","10.860","11.080","10.860","1.49M","0.92%"
"10/11/2023","10.900","10.940","10.940","10.780","1.80M","0.55%"
"10/10/2023","10.840","11.000","11.080","10.820","2.12M","-1.63%"
"10/09/2023","11.020","10.860","11.080","10.860","2.86M","-1.96%"
"10/06/2023","11.240","11.040","11.260","10.980","1.75M","3.12%"
"10/05/2023","10.900","11.100","11.100","10.900","1.14M","-1.27%"
"10/04/2023","11.040","11.260","11.360","10.940","3.15M","-1.60%"
"10/03/2023","11.220","11.200","11.360","11.200","2.17M","0.18%"
"10/02/2023","11.200","11.200","11.400","11.200","2.40M","-0.53%"
"09/28/2023","11.260","11.200","11.500","11.140","5.69M","0.54%"
"09/27/2023","11.200","10.960","11.200","10.760","6.11M","3.13%"
"09/26/2023","10.860","10.700","11.040","10.700","4.47M","0.56%"
"09/25/2023","10.800","10.540","10.800","10.500","2.44M","2.47%"
"09/22/2023","10.540","10.440","10.700","10.440","1.15M","-0.57%"
"09/21/2023","10.600","10.380","10.600","10.380","4.38M","2.32%"
"09/20/2023","10.360","10.420","10.460","10.360","1.72M","-0.19%"
"09/19/2023","10.380","10.500","10.500","10.380","1.35M","-0.95%"
"09/18/2023","10.480","10.420","10.520","10.420","2.11M","0.58%"
"09/15/2023","10.420","10.560","10.560","10.420","3.48M","-0.38%"
"09/14/2023","10.460","10.400","10.480","10.400","2.28M","0.00%"
"09/13/2023","10.460","10.480","10.480","10.400","1.04M","0.38%"
"09/12/2023","10.420","10.420","10.460","10.340","1.92M","0.00%"
"09/11/2023","10.420","10.420","10.520","10.420","3.69M","-1.14%"
"09/08/2023","10.540","10.420","10.620","10.420","1.94M","1.35%"
"09/07/2023","10.400","10.320","10.440","10.240","3.37M","0.97%"
"09/06/2023","10.300","10.300","10.380","10.240","3.29M","-0.77%"
"09/05/2023","10.380","10.500","10.500","10.240","3.17M","-1.14%"
"09/04/2023","10.500","10.560","10.620","10.480","1.46M","0.00%"
"09/01/2023","10.500","10.500","10.560","10.500","381.24K","0.77%"
"08/31/2023","10.420","10.580","10.600","10.400","3.48M","-1.70%"
"08/30/2023","10.600","10.500","10.640","10.500","910.39K","0.57%"
"08/29/2023","10.540","10.580","10.600","10.500","1.45M","0.00%"
"08/28/2023","10.540","10.620","10.700","10.500","1.96M","-1.31%"
"08/25/2023","10.680","10.620","10.680","10.560","918.28K","1.33%"
"08/24/2023","10.540","10.620","10.720","10.520","1.54M","-0.57%"
"08/23/2023","10.600","10.700","10.760","10.600","1.91M","-0.93%"
"08/22/2023","10.700","10.640","10.760","10.640","2.67M","0.75%"
"08/21/2023","10.620","10.760","10.760","10.600","1.48M","-1.48%"
"08/18/2023","10.780","10.640","10.780","10.600","710.90K","1.13%"
"08/17/2023","10.660","10.760","10.760","10.660","1.64M","0.00%"
"08/16/2023","10.660","10.900","10.900","10.640","3.07M","-2.20%"
"08/15/2023","10.900","11.040","11.080","10.880","2.03M","-1.45%"
"08/14/2023","11.060","10.920","11.060","10.920","810.83K","1.28%"
"08/11/2023","10.920","10.800","10.940","10.720","1.23M","1.11%"
"08/10/2023","10.800","10.940","10.940","10.740","2.18M","-0.37%"
"08/09/2023","10.840","11.000","11.000","10.840","1.34M","-1.28%"
"08/08/2023","10.980","11.080","11.080","10.920","2.15M","0.73%"
"08/07/2023","10.900","10.880","11.040","10.720","1.24M","0.00%"
"08/04/2023","10.900","10.960","10.980","10.880","1.54M","0.00%"
"08/03/2023","10.900","11.080","11.080","10.900","2.25M","-1.80%"
"08/02/2023","11.100","11.120","11.160","11.000","2.34M","-0.18%"
"08/01/2023","11.120","11.220","11.220","11.060","1.15M","-1.07%"
"07/31/2023","11.240","11.260","11.280","11.080","891.65K","-0.18%"
"07/28/2023","11.260","11.520","11.780","11.260","1.62M","-2.26%"
"07/26/2023","11.520","11.680","11.700","11.380","1.23M","-0.17%"
"07/25/2023","11.540","11.260","11.660","11.200","2.41M","2.49%"
"07/24/2023","11.260","11.140","11.320","11.120","1.51M","2.18%"
"07/20/2023","11.020","11.100","11.120","10.960","1.20M","-0.18%"
"07/19/2023","11.040","11.180","11.180","11.040","471.69K","-1.43%"
"07/18/2023","11.200","11.220","11.220","11.100","697.17K","-0.18%"
"07/17/2023","11.220","11.240","11.240","11.120","585.21K","-0.18%"
"07/14/2023","11.240","11.200","11.280","11.140","1.21M","0.72%"
"07/13/2023","11.160","10.880","11.260","10.840","2.71M","2.57%"
"07/12/2023","10.880","10.680","10.880","10.640","1.45M","1.30%"
"07/11/2023","10.740","10.640","10.780","10.640","1.05M","0.94%"
"07/10/2023","10.640","10.700","10.780","10.620","1.26M","-1.12%"
"07/07/2023","10.760","10.580","10.840","10.560","1.45M","0.94%"
"07/06/2023","10.660","10.640","10.660","10.520","1.21M","0.19%"
"07/05/2023","10.640","10.620","10.660","10.500","728.32K","-0.19%"
"07/04/2023","10.660","10.440","10.720","10.400","3.52M","2.11%"
"07/03/2023","10.440","10.500","10.580","10.340","2.42M","-1.88%"
"06/26/2023","10.640","10.540","10.700","10.360","1.79M","-0.56%"
"06/23/2023","10.700","10.600","10.700","10.540","508.35K","0.94%"
"06/22/2023","10.600","10.580","10.720","10.580","779.75K","0.00%"
"06/21/2023","10.600","10.580","10.740","10.540","1.91M","0.19%"
"06/20/2023","10.580","10.520","10.600","10.320","1.29M","0.57%"
"06/19/2023","10.520","10.400","10.560","10.280","1.21M","0.77%"
"06/16/2023","10.440","10.260","10.440","10.240","3.17M","1.75%"
"06/15/2023","10.260","10.200","10.300","10.100","1.69M","0.59%"
"06/14/2023","10.200","10.100","10.200","10.080","1.13M","0.99%"
"06/13/2023","10.100","10.240","10.300","10.100","1.22M","-1.75%"
"06/12/2023","10.280","10.280","10.340","10.220","796.50K","0.00%"
"06/09/2023","10.280","10.120","10.300","10.100","1.39M","1.58%"
"06/08/2023","10.120","10.180","10.200","10.000","943.72K","-0.78%"
"06/07/2023","10.200","10.100","10.200","10.060","1.15M","0.99%"
"06/06/2023","10.100","10.220","10.220","10.100","950.40K","-0.39%"
"06/05/2023","10.140","10.200","10.220","10.100","817.16K","-1.36%"
"06/02/2023","10.280","10.160","10.280","10.120","1.45M","0.98%"
"06/01/2023","10.180","10.100","10.300","10.040","1.46M","1.80%"
"05/31/2023","10.000","10.460","10.500","10.000","5.65M","-4.40%"
"05/30/2023","10.460","10.360","10.540","10.300","1.39M","1.16%"
"05/29/2023","10.340","10.520","10.520","10.280","738.74K","-1.15%"
"05/26/2023","10.460","10.240","10.520","10.160","692.69K","2.15%"
"05/25/2023","10.240","10.400","10.480","10.200","1.55M","-1.73%"
"05/24/2023","10.420","10.640","10.640","10.400","1.32M","-2.62%"
"05/23/2023","10.700","10.620","10.780","10.600","1.91M","0.00%"
"05/22/2023","10.700","10.720","10.740","10.600","681.11K","-0.19%"
"05/19/2023","10.720","10.640","10.720","10.600","1.25M","0.19%"
"05/18/2023","10.700","10.640","10.760","10.580","1.70M","0.56%"
"05/17/2023","10.640","10.360","10.680","10.360","1.35M","2.31%"
"05/16/2023","10.400","10.560","10.560","10.280","1.26M","0.00%"
"05/15/2023","10.400","10.740","10.740","10.400","1.78M","-2.99%"
"05/12/2023","10.720","10.800","10.800","10.660","418.42K","-0.19%"
"05/11/2023","10.740","10.840","10.840","10.700","2.27M","-1.29%"
"05/10/2023","10.880","10.820","10.880","10.800","561.89K","0.37%"
"05/09/2023","10.840","10.780","10.840","10.760","2.11M","0.00%"
"05/08/2023","10.840","10.800","10.860","10.640","1.68M","0.37%"
"05/05/2023","10.800","10.440","10.820","10.380","279.04M","3.65%"
"05/04/2023","10.420","10.620","10.680","10.380","2.02M","-1.51%"
"05/03/2023","10.580","10.900","10.900","10.580","2.40M","-2.94%"
"05/02/2023","10.900","11.200","11.300","10.840","2.91M","-3.02%"
"05/01/2023","11.240","11.200","11.600","11.200","737.02K","-1.06%"
"04/28/2023","11.360","11.360","11.520","11.360","2.14M","0.00%"
"04/27/2023","11.360","11.100","11.360","11.080","3.51M","2.53%"
"04/25/2023","11.080","11.120","11.180","11.040","1.16M","-0.36%"
"04/24/2023","11.120","10.880","11.220","10.880","3.05M","2.21%"
"04/19/2023","10.880","10.840","10.900","10.700","2.50M","0.37%"
"04/18/2023","10.840","10.980","11.020","10.840","1.23M","-1.45%"
"04/17/2023","11.000","10.820","11.120","10.820","2.04M","-0.90%"
"04/14/2023","11.100","10.840","11.160","10.800","3.12M","2.78%"
"04/13/2023","10.800","10.680","10.900","10.560","2.58M","0.93%"
"04/12/2023","10.700","10.740","10.740","10.620","1.20M","-0.56%"
"04/11/2023","10.760","10.880","10.880","10.660","1.40M","-0.92%"
"04/10/2023","10.860","10.440","10.900","10.400","2.34M","4.22%"
"04/07/2023","10.420","10.600","10.600","10.260","479.06K","-1.70%"
"04/06/2023","10.600","10.620","10.780","10.540","2.47M","-0.19%"
"04/05/2023","10.620","10.640","10.760","10.560","3.97M","-0.93%"
"04/04/2023","10.720","10.520","11.900","10.480","8.63M","2.29%"
"04/03/2023","10.480","9.950","10.560","9.950","3.93M","5.01%"
"03/31/2023","9.980","9.810","9.980","9.800","1.44M","1.73%"
"03/30/2023","9.810","9.750","9.870","9.740","1.13M","0.72%"
"03/29/2023","9.740","9.720","9.780","9.680","1.51M","0.41%"
"03/28/2023","9.700","9.520","9.800","9.500","2.15M","2.00%"
"03/27/2023","9.510","9.640","9.640","9.360","1.29M","-0.83%"
"03/24/2023","9.590","9.600","9.650","9.540","412.31K","0.21%"
"03/23/2023","9.570","9.600","9.600","9.500","3.01M","-0.73%"
"03/22/2023","9.640","9.600","9.650","9.570","653.53K","0.42%"
"03/21/2023","9.600","9.540","9.640","9.440","1.32M","0.52%"
"03/20/2023","9.550","9.840","9.840","9.470","3.19M","-3.14%"
"03/17/2023","9.860","9.340","9.860","9.340","6.49M","5.68%"
"03/16/2023","9.330","9.400","9.400","9.280","1.22M","-0.74%"
"03/15/2023","9.400","9.790","9.790","9.340","4.10M","-5.81%"
"03/14/2023","9.980","10.140","10.320","9.940","3.48M","-3.67%"
"03/13/2023","10.360","10.200","10.440","10.200","2.22M","0.58%"
"03/10/2023","10.300","10.420","10.420","10.180","1.04M","-1.34%"
"03/09/2023","10.440","10.580","10.720","10.440","1.40M","-1.51%"
"03/08/2023","10.600","10.260","10.600","10.260","1.27M","3.52%"
"03/07/2023","10.240","10.500","10.500","10.240","979.12K","-2.48%"
"03/06/2023","10.500","10.320","10.500","10.320","1.08M","1.74%"
"03/03/2023","10.320","10.340","10.480","10.300","563.35K","-0.58%"
"03/02/2023","10.380","10.380","10.620","10.380","1.78M","-2.08%"
"03/01/2023","10.600","10.440","10.740","10.400","1.84M","1.53%"
"02/28/2023","10.440","10.700","10.700","10.200","5.08M","2.35%"
"02/27/2023","10.200","10.160","10.360","10.000","1.56M","0.00%"
"02/24/2023","10.200","10.200","10.200","9.970","1.33M","0.59%"
"02/23/2023","10.140","10.380","10.420","9.900","3.12M","-2.31%"
"02/22/2023","10.380","10.860","10.860","10.380","2.58M","-4.42%"
"02/21/2023","10.860","10.440","10.860","10.440","4.37M","3.82%"
"02/20/2023","10.460","10.280","10.580","10.240","1.98M","1.75%"
"02/17/2023","10.280","10.180","10.400","10.180","2.14M","0.78%"
"02/16/2023","10.200","9.700","10.340","9.640","4.57M","5.37%"
"02/15/2023","9.680","9.650","9.680","9.500","1.95M","-0.21%"
"02/14/2023","9.700","9.660","9.700","9.510","1.07M","-0.61%"
"02/13/2023","9.760","9.700","9.760","9.630","898.06K","0.00%"
"02/10/2023","9.760","9.550","9.760","9.550","1.19M","2.20%"
"02/09/2023","9.550","9.530","9.580","9.500","1.16M","0.32%"
"02/08/2023","9.520","9.590","9.590","9.470","639.49K","-0.21%"
"02/07/2023","9.540","9.560","9.600","9.540","816.50K","-0.52%"
"02/06/2023","9.590","9.480","9.590","9.310","2.15M","1.05%"
"02/03/2023","9.490","9.320","9.490","9.320","1.01M","1.06%"
"02/02/2023","9.390","9.460","9.460","9.310","1.87M","-0.53%"
"02/01/2023","9.440","9.360","9.440","9.300","2.49M","0.21%"
"01/31/2023","9.420","9.200","9.500","9.150","7.86M","5.72%"
"01/27/2023","8.910","9.110","9.130","8.750","2.21M","-2.30%"
"01/26/2023","9.120","9.200","9.200","9.110","720.57K","-0.65%"
"01/25/2023","9.180","9.170","9.180","9.100","788.57K","0.33%"
"01/24/2023","9.150","9.070","9.200","9.070","1.22M","1.22%"
"01/23/2023","9.040","9.080","9.110","9.030","1.05M","-0.66%"
"01/20/2023","9.100","9.120","9.140","9.100","924.75K","-0.22%"
"01/19/2023","9.120","9.150","9.230","9.100","1.98M","-0.87%"
"01/18/2023","9.200","9.190","9.200","9.110","879.92K","-0.11%"
"01/17/2023","9.210","9.300","9.310","9.180","1.45M","-0.97%"
"01/16/2023","9.300","9.220","9.300","9.160","1.32M","0.65%"
"01/13/2023","9.240","9.260","9.300","9.160","717.54K","-0.32%"
"01/12/2023","9.270","9.130","9.270","9.110","1.28M","1.31%"
"01/11/2023","9.150","9.120","9.220","9.120","1.06M","0.11%"
"01/10/2023","9.140","9.110","9.140","9.100","1.03M","0.00%"
"01/09/2023","9.140","9.130","9.140","9.050","718.69K","0.44%"
"01/06/2023","9.100","9.180","9.180","9.050","402.50K","-0.22%"
"01/05/2023","9.120","9.150","9.190","9.050","924.73K","-0.33%"
"01/04/2023","9.150","9.140","9.160","9.130","1.28M","-0.22%"
"01/03/2023","9.170","9.150","9.170","9.130","464.79K","0.33%"
"01/02/2023","9.140","9.120","9.170","9.110","492.38K","0.33%"
"12/30/2022","9.110","9.200","9.260","9.100","620.16K","-0.98%"
"12/29/2022","9.200","9.250","9.350","9.200","756.86K","-0.43%"
"12/28/2022","9.240","9.130","9.240","9.080","1.14M","1.65%"
"12/27/2022","9.090","9.050","9.130","9.050","364.87K","0.44%"
"12/26/2022","9.050","9.070","9.120","9.050","548.01K","-0.11%"
"12/23/2022","9.060","9.020","9.070","9.010","351.36K","0.44%"
"12/22/2022","9.020","9.100","9.140","9.020","462.83K","-0.55%"
"12/21/2022","9.070","9.200","9.200","9.020","1.23M","0.11%"
"12/20/2022","9.060","9.180","9.200","9.040","847.51K","-1.52%"
"12/19/2022","9.200","9.200","9.200","9.130","778.60K","0.33%"
"12/16/2022","9.170","9.070","9.180","9.010","2.34M","0.55%"
"12/15/2022","9.120","9.030","9.130","9.020","1.54M","1.00%"
"12/14/2022","9.030","8.940","9.090","8.940","1.83M","1.01%"
"12/13/2022","8.940","8.940","9.050","8.860","2.24M","0.11%"
"12/12/2022","8.930","9.100","9.100","8.800","1.26M","-2.08%"
"12/09/2022","9.120","9.140","9.140","9.000","1.79M","-0.11%"
"12/08/2022","9.130","9.180","9.220","8.980","3.94M","-0.76%"
"12/07/2022","9.200","9.260","9.290","9.180","3.90M","-0.86%"
"12/06/2022","9.280","9.400","9.410","9.280","1.74M","-1.69%"
"12/05/2022","9.440","9.550","9.550","9.310","2.43M","-1.67%"
"11/30/2022","9.600","9.460","9.600","9.290","5.88M","2.13%"
"11/29/2022","9.400","9.320","9.400","9.200","1.31M","2.40%"
"11/28/2022","9.180","9.310","9.310","9.170","2.79M","-1.40%"
"11/25/2022","9.310","9.550","9.550","9.200","1.20M","-2.51%"
"11/24/2022","9.550","9.530","9.580","9.450","1.83M","0.53%"
"11/23/2022","9.500","9.350","9.510","9.350","2.85M","1.60%"
"11/22/2022","9.350","9.130","9.370","9.100","1.99M","2.19%"
"11/21/2022","9.150","9.180","9.240","9.080","2.32M","-1.51%"
"11/18/2022","9.290","9.260","9.330","9.210","566.40K","0.76%"
"11/17/2022","9.220","9.310","9.440","9.160","2.02M","-0.97%"
"11/16/2022","9.310","9.550","9.550","9.310","1.46M","-2.92%"
"11/15/2022","9.590","9.620","9.640","9.480","1.37M","-0.62%"
"11/14/2022","9.650","9.550","9.670","9.470","1.52M","0.73%"
"11/11/2022","9.580","9.540","9.590","9.540","1.06M","0.63%"
"11/10/2022","9.520","9.480","9.520","9.450","503.55K","0.32%"
"11/09/2022","9.490","9.380","9.530","9.350","1.52M","1.17%"
"11/08/2022","9.380","9.440","9.580","9.340","1.31M","-1.26%"
"11/07/2022","9.500","9.280","9.500","9.240","2.63M","2.81%"
"11/04/2022","9.240","9.150","9.260","9.080","2.13M","1.32%"
"11/03/2022","9.120","9.360","9.380","9.120","1.03M","-2.98%"
"11/02/2022","9.400","9.390","9.400","9.240","1.29M","0.00%"
"11/01/2022","9.400","9.440","9.600","9.260","2.23M","-1.05%"
"10/31/2022","9.500","9.500","9.690","9.330","2.38M","-0.52%"
"10/28/2022","9.550","9.700","9.700","9.330","1.64M","-1.95%"
"10/27/2022","9.740","9.640","9.740","9.530","1.86M","1.25%"
"10/26/2022","9.620","9.250","9.760","9.250","7.57M","4.57%"
"10/24/2022","9.200","9.130","9.220","9.120","1.45M","0.33%"
"10/21/2022","9.170","9.190","9.250","9.080","918.77K","-0.86%"
"10/20/2022","9.250","9.250","9.300","9.120","1.52M","-0.11%"
"10/19/2022","9.260","9.100","9.280","9.100","2.10M","1.87%"
"10/18/2022","9.090","9.000","9.100","8.950","1.59M","1.56%"
"10/17/2022","8.950","9.020","9.020","8.910","1.50M","-0.56%"
"10/14/2022","9.000","9.050","9.090","9.000","1.49M","0.56%"
"10/13/2022","8.950","9.030","9.030","8.950","1.62M","-1.32%"
"10/12/2022","9.070","9.150","9.160","9.000","1.85M","-0.66%"
"10/11/2022","9.130","9.400","9.440","9.120","1.39M","-2.46%"
"10/10/2022","9.360","9.540","9.540","9.360","849.57K","-2.30%"
"10/07/2022","9.580","9.560","9.640","9.550","414.78K","0.42%"
"10/06/2022","9.540","9.480","9.660","9.470","1.61M","0.95%"
"10/05/2022","9.450","9.190","9.470","9.190","1.80M","2.83%"
"10/04/2022","9.190","9.030","9.190","9.010","1.20M","1.77%"
"10/03/2022","9.030","9.030","9.080","8.940","1.80M","-0.22%"
"09/30/2022","9.050","9.010","9.230","8.970","1.51M","0.33%"
"09/29/2022","9.020","9.070","9.130","9.010","866.80K","-0.33%"
"09/28/2022","9.050","9.220","9.240","9.020","2.00M","-1.84%"
"09/27/2022","9.220","9.500","9.530","9.140","1.85M","-2.95%"
"09/26/2022","9.500","9.430","9.580","9.350","3.05M","-1.04%"
"09/23/2022","9.600","9.670","9.730","9.600","1.36M","-0.72%"
"09/22/2022","9.670","9.760","9.760","9.650","1.70M","-0.92%"
"09/21/2022","9.760","9.950","9.950","9.720","1.78M","-0.81%"
"09/20/2022","9.840","9.850","9.970","9.810","1.97M","-0.51%"
"09/19/2022","9.890","9.790","9.990","9.530","2.52M","1.64%"
"09/16/2022","9.730","9.470","9.730","9.340","5.67M","2.75%"
"09/15/2022","9.470","9.690","9.690","9.400","46.65M","-0.94%"
"09/14/2022","9.560","9.130","9.720","9.100","3.97M","2.80%"
"09/13/2022","9.300","9.070","9.340","9.070","4.45M","1.97%"
"09/12/2022","9.120","8.840","9.120","8.830","2.26M","2.93%"
"09/09/2022","8.860","8.900","8.990","8.860","710.94K","-0.56%"
"09/08/2022","8.910","8.890","8.930","8.630","1.70M","0.91%"
"09/07/2022","8.830","8.790","8.930","8.680","1.57M","0.34%"
"09/06/2022","8.800","8.540","8.830","8.540","1.36M","3.04%"
"09/05/2022","8.540","8.750","8.750","8.440","1.75M","-2.62%"
"09/02/2022","8.770","8.830","8.850","8.700","806.81K","-0.34%"
"09/01/2022","8.800","8.870","8.980","8.790","1.51M","-0.56%"
"08/31/2022","8.850","9.120","9.120","8.850","3.71M","-2.85%"
"08/30/2022","9.110","9.080","9.130","9.080","1.37M","0.22%"
"08/29/2022","9.090","9.140","9.140","9.040","550.07K","-1.20%"
"08/26/2022","9.200","9.120","9.200","9.120","546.99K","1.32%"
"08/25/2022","9.080","9.090","9.120","9.070","554.73K","-0.33%"
"08/24/2022","9.110","9.060","9.170","9.060","1.34M","0.00%"
"08/23/2022","9.110","9.110","9.210","9.080","758.96K","-0.22%"
"08/22/2022","9.130","9.110","9.150","9.060","905.15K","0.00%"
"08/19/2022","9.130","9.240","9.290","9.130","320.75K","-1.19%"
"08/18/2022","9.240","9.290","9.360","9.170","2.62M","-0.54%"
"08/17/2022","9.290","9.160","9.290","9.160","966.44K","1.42%"
"08/16/2022","9.160","9.220","9.240","9.160","673.02K","-0.97%"
"08/15/2022","9.250","9.120","9.250","9.000","2.32M","0.87%"
"08/12/2022","9.170","9.010","9.170","8.990","1.17M","1.78%"
"08/11/2022","9.010","9.000","9.040","8.980","1.72M","0.11%"
"08/10/2022","9.000","9.060","9.060","9.000","650.78K","-0.88%"
"08/09/2022","9.080","8.830","9.080","8.830","971.31K","1.79%"
"08/08/2022","8.920","8.870","8.940","8.830","1.78M","0.22%"
"08/05/2022","8.900","8.900","8.990","8.840","2.46M","-0.45%"
"08/04/2022","8.940","9.070","9.070","8.860","2.85M","-1.43%"
"08/03/2022","9.070","9.100","9.100","8.990","2.23M","-0.33%"
"08/02/2022","9.100","9.040","9.100","9.040","1.35M","0.55%"
"08/01/2022","9.050","9.100","9.100","8.960","1.30M","-0.44%"
"07/29/2022","9.090","9.000","9.090","8.980","785.21K","1.00%"
"07/28/2022","9.000","9.180","9.200","9.000","1.06M","-1.96%"
"07/27/2022","9.180","9.000","9.180","9.000","1.34M","2.00%"
"07/26/2022","9.000","8.920","9.170","8.920","3.36M","0.78%"
"07/25/2022","8.930","8.850","8.960","8.830","1.07M","0.56%"
"07/22/2022","8.880","8.950","8.970","8.880","1.17M","-1.11%"
"07/21/2022","8.980","8.600","8.980","8.600","3.99M","5.65%"
"07/19/2022","8.500","8.520","8.570","8.490","1.41M","-0.58%"
"07/18/2022","8.550","8.580","8.620","8.500","2.01M","0.71%"
"07/15/2022","8.490","8.480","8.590","8.430","1.85M","-0.12%"
"07/14/2022","8.500","8.310","8.550","8.300","2.87M","1.67%"
"07/13/2022","8.360","8.340","8.440","8.190","4.14M","0.97%"
"07/12/2022","8.280","8.050","8.690","7.970","5.95M","3.50%"
"07/07/2022","8.000","7.690","8.070","7.690","3.15M","2.96%"
"07/06/2022","7.770","7.600","7.890","7.600","3.35M","2.24%"
"07/05/2022","7.600","7.400","7.600","7.400","981.78K","2.29%"
"07/04/2022","7.430","7.510","7.510","7.340","1.66M","-2.24%"
"07/01/2022","7.600","7.500","7.600","7.400","927.64K","1.33%"
"06/30/2022","7.500","7.600","7.750","7.500","4.70M","-1.32%"
"06/29/2022","7.600","7.440","7.730","7.400","4.83M","2.01%"
"06/28/2022","7.450","7.200","7.530","7.180","2.15M","3.47%"
"06/27/2022","7.200","7.150","7.280","7.140","2.20M","1.27%"
"06/24/2022","7.110","7.280","7.330","7.030","2.19M","-2.34%"
"06/23/2022","7.280","7.700","7.700","7.270","4.68M","-5.45%"
"06/22/2022","7.700","7.880","7.890","7.670","3.04M","-2.53%"
"06/21/2022","7.900","7.840","7.930","7.840","1.10M","0.00%"
"06/20/2022","7.900","8.000","8.000","7.880","3.00M","-1.62%"
"06/17/2022","8.030","8.070","8.120","8.030","7.36M","-0.86%"
"06/16/2022","8.100","8.130","8.250","8.090","2.12M","-0.49%"
"06/15/2022","8.140","8.060","8.140","8.000","3.60M","1.12%"
"06/14/2022","8.050","8.130","8.160","8.030","1.87M","-1.23%"
"06/13/2022","8.150","8.140","8.180","8.010","2.00M","-1.09%"
"06/10/2022","8.240","8.310","8.310","8.210","912.28K","-1.20%"
"06/09/2022","8.340","8.470","8.470","8.280","1.16M","-1.53%"
"06/08/2022","8.470","8.460","8.500","8.440","4.61M","0.36%"
"06/07/2022","8.440","8.500","8.510","8.410","937.31K","-0.71%"
"06/06/2022","8.500","8.570","8.630","8.450","2.96M","-0.82%"
"06/03/2022","8.570","8.400","8.580","8.330","1.59M","1.90%"
"06/02/2022","8.410","8.310","8.490","8.280","3.75M","1.57%"
"06/01/2022","8.280","8.280","8.350","8.200","1.52M","-0.72%"
"05/31/2022","8.340","8.300","8.340","8.200","7.03M","0.48%"
"05/30/2022","8.300","8.110","8.330","8.080","3.24M","2.34%"
"05/27/2022","8.110","8.060","8.110","7.990","874.55K","0.37%"
"05/26/2022","8.080","8.020","8.100","7.930","1.50M","1.00%"
"05/25/2022","8.000","7.620","8.090","7.560","3.74M","5.26%"
"05/24/2022","7.600","7.950","7.950","7.430","3.46M","-4.52%"
"05/23/2022","7.960","8.000","8.040","7.780","1.81M","-1.24%"
"05/20/2022","8.060","8.040","8.100","7.920","2.13M","2.03%"
"05/19/2022","7.900","8.080","8.240","7.900","3.88M","-4.24%"
"05/18/2022","8.250","7.900","8.400","7.870","3.67M","5.10%"
"05/17/2022","7.850","7.660","8.120","7.660","4.99M","3.02%"
"05/13/2022","7.620","7.750","7.820","7.620","1.36M","3.25%"
"05/12/2022","7.380","8.190","8.190","7.380","6.25M","-10.00%"
"05/11/2022","8.200","8.520","8.600","8.200","1.59M","-4.09%"
"05/10/2022","8.550","8.730","8.800","8.550","3.48M","-1.72%"
"05/09/2022","8.700","8.820","8.870","8.700","1.93M","-1.36%"
"05/06/2022","8.820","8.610","8.950","8.610","2.13M","-0.34%"
"05/05/2022","8.850","8.810","8.870","8.770","1.67M","0.80%"
"04/29/2022","8.780","8.870","8.870","8.700","1.94M","-1.01%"
"04/28/2022","8.870","8.930","8.930","8.760","3.81M","0.80%"
"04/25/2022","8.800","8.850","8.900","8.770","1.38M","-0.68%"
"04/22/2022","8.860","8.850","8.940","8.750","1.16M","-0.56%"
"04/21/2022","8.910","8.970","8.970","8.830","1.20M","-0.67%"
"04/20/2022","8.970","8.870","8.970","8.870","1.75M","0.11%"
"04/19/2022","8.960","8.950","8.990","8.890","1.31M","0.22%"
"04/18/2022","8.940","8.820","8.950","8.810","1.67M","1.25%"
"04/15/2022","8.830","8.770","8.900","8.770","869.36K","0.23%"
"04/14/2022","8.810","8.780","8.930","8.720","2.94M","0.34%"
"04/13/2022","8.780","8.620","8.780","8.620","1.05M","0.92%"
"04/12/2022","8.700","8.690","8.760","8.550","1.70M","0.00%"
"04/11/2022","8.700","8.680","8.740","8.510","2.02M","0.23%"
"04/08/2022","8.680","8.640","8.720","8.560","984.47K","0.46%"
"04/07/2022","8.640","8.500","8.700","8.350","2.93M","1.05%"
"04/06/2022","8.550","8.440","8.550","8.260","2.08M","2.15%"
"04/05/2022","8.370","8.530","8.680","8.350","2.66M","-2.11%"
"04/04/2022","8.550","8.650","8.650","8.480","1.81M","-1.16%"
"04/01/2022","8.650","8.750","8.770","8.620","1.80M","-1.14%"
"03/31/2022","8.750","8.740","8.750","8.680","2.48M","-0.46%"
"03/30/2022","8.790","8.920","8.930","8.670","2.17M","-1.57%"
"03/29/2022","8.930","8.820","8.940","8.740","5.21M","1.36%"
"03/28/2022","8.810","9.090","9.130","8.810","3.56M","-2.54%"
"03/25/2022","9.040","9.080","9.100","8.930","1.84M","-2.27%"
"03/24/2022","9.250","9.350","9.350","9.250","2.89M","-1.07%"
"03/23/2022","9.350","9.380","9.500","9.250","3.81M","-0.53%"
"03/22/2022","9.400","9.040","9.400","9.040","4.70M","3.64%"
"03/21/2022","9.070","9.320","9.320","9.070","3.42M","-2.68%"
"03/18/2022","9.320","9.240","9.320","9.230","5.68M","0.87%"
"03/17/2022","9.240","9.250","9.290","9.110","1.82M","-0.11%"
"03/16/2022","9.250","9.070","9.250","9.030","1.84M","2.78%"
"03/15/2022","9.000","9.190","9.230","9.000","2.58M","-2.60%"
"03/14/2022","9.240","9.100","9.250","9.000","3.43M","1.43%"
"03/11/2022","9.110","9.130","9.130","9.050","1.08M","0.00%"
"03/10/2022","9.110","9.020","9.160","9.000","2.70M","0.89%"
"03/09/2022","9.030","9.160","9.300","9.030","2.57M","-1.42%"
"03/08/2022","9.160","8.900","9.320","8.890","4.43M","1.78%"
"03/07/2022","9.000","9.330","9.330","8.820","4.84M","-3.54%"
"03/04/2022","9.330","9.770","9.770","9.140","2.89M","-4.70%"
"03/03/2022","9.790","9.990","10.000","9.540","5.07M","-2.10%"
"03/02/2022","10.000","9.170","10.460","9.150","10.60M","8.70%"
"03/01/2022","9.200","8.800","9.200","8.710","6.77M","3.95%"
"02/28/2022","8.850","8.640","8.850","8.600","5.11M","2.43%"
"02/25/2022","8.640","8.580","8.790","8.530","2.69M","0.70%"
"02/24/2022","8.580","8.450","8.580","8.160","5.05M","-0.23%"
"02/23/2022","8.600","8.400","8.600","8.310","4.64M","2.38%"
"02/22/2022","8.400","7.970","8.400","7.970","4.25M","3.32%"
"02/21/2022","8.130","7.950","8.130","7.900","2.58M","2.26%"
"02/18/2022","7.950","7.960","7.970","7.910","1.14M","-0.87%"
"02/17/2022","8.020","7.980","8.020","7.900","3.41M","1.52%"
"02/16/2022","7.900","8.040","8.040","7.900","2.29M","-1.50%"
"02/15/2022","8.020","8.000","8.060","7.890","4.10M","-0.37%"
"02/14/2022","8.050","7.800","8.090","7.730","4.90M","2.94%"
"02/11/2022","7.820","7.900","7.900","7.780","1.64M","-1.01%"
"02/10/2022","7.900","7.720","7.980","7.720","5.24M","2.60%"
"02/09/2022","7.700","7.320","7.800","7.310","8.40M","5.34%"
"02/08/2022","7.310","7.100","7.410","7.090","6.42M","3.69%"
"02/07/2022","7.050","6.950","7.100","6.940","2.17M","1.59%"
"02/04/2022","6.940","6.890","6.940","6.890","497.32K","0.14%"
"02/03/2022","6.930","6.940","6.940","6.900","1.01M","-0.43%"
"02/02/2022","6.960","6.880","6.960","6.880","1.05M","1.16%"
"02/01/2022","6.880","6.910","6.950","6.860","1.79M","-0.86%"
"01/31/2022","6.940","6.870","6.970","6.870","2.38M","-0.29%"
"01/28/2022","6.960","6.840","6.960","6.840","799.96K","1.61%"
"01/27/2022","6.850","6.810","6.850","6.770","1.94M","0.29%"
"01/26/2022","6.830","6.790","6.870","6.790","1.39M","0.44%"
"01/25/2022","6.800","6.840","6.840","6.730","1.32M","-0.44%"
"01/24/2022","6.830","6.800","6.850","6.770","816.82K","-0.58%"
"01/21/2022","6.870","6.900","6.940","6.750","1.09M","-1.15%"
"01/20/2022","6.950","6.870","6.950","6.860","503.56K","1.46%"
"01/19/2022","6.850","6.930","6.940","6.850","868.69K","-1.44%"
"01/18/2022","6.950","6.770","6.950","6.770","1.05M","1.31%"
"01/17/2022","6.860","6.970","6.970","6.770","2.94M","-1.58%"
"01/14/2022","6.970","6.890","6.970","6.890","317.58K","-0.14%"
"01/13/2022","6.980","6.830","6.980","6.830","2.69M","1.60%"
"01/12/2022","6.870","6.830","6.870","6.780","1.46M","-0.15%"
"01/11/2022","6.880","6.780","6.880","6.710","972.65K","1.47%"
"01/10/2022","6.780","6.840","6.860","6.710","1.13M","-1.31%"
"01/07/2022","6.870","6.840","6.870","6.750","901.26K","0.15%"
"01/06/2022","6.860","6.910","6.960","6.730","4.29M","-1.44%"
"01/05/2022","6.960","6.960","6.960","6.890","1.74M","-0.29%"
"01/04/2022","6.980","6.950","6.980","6.890","1.05M","0.29%"
"01/03/2022","6.960","6.800","6.960","6.800","1.06M","1.31%"
"12/30/2021","6.870","6.870","6.870","6.810","320.66K","0.29%"
"12/29/2021","6.850","6.760","6.870","6.760","414.98K","-0.15%"
"12/28/2021","6.860","6.740","6.860","6.740","732.17K","1.18%"
"12/27/2021","6.780","6.670","6.780","6.650","169.27K","0.89%"
"12/26/2021","6.720","6.840","6.840","6.720","1.25M","-2.18%"
"12/23/2021","6.870","6.770","6.870","6.740","1.26M","0.73%"
"12/22/2021","6.820","6.730","6.820","6.730","929.09K","0.44%"
"12/21/2021","6.790","6.870","6.870","6.680","1.06M","0.30%"
"12/20/2021","6.770","6.580","6.770","6.580","1.92M","-0.15%"
"12/19/2021","6.780","7.130","7.130","6.730","1.65M","-1.45%"
"12/16/2021","6.880","6.870","7.000","6.870","3.64M","0.00%"
"12/15/2021","6.880","6.920","6.950","6.870","2.53M","-1.43%"
"12/14/2021","6.980","6.930","6.980","6.850","1.78M","0.58%"
"12/13/2021","6.940","7.000","7.000","6.840","1.64M","-0.43%"
"12/12/2021","6.970","6.630","6.980","6.630","3.01M","5.29%"
"12/09/2021","6.620","6.520","6.650","6.520","2.13M","1.69%"
"12/08/2021","6.510","6.500","6.690","6.470","3.43M","0.15%"
"12/07/2021","6.500","6.430","6.550","6.420","5.35M","1.72%"
"12/06/2021","6.390","6.450","6.470","6.390","4.28M","-0.78%"
"12/05/2021","6.440","6.480","6.490","6.390","2.33M","-0.62%"
"11/30/2021","6.480","6.190","6.480","6.190","12.63M","1.25%"
"11/29/2021","6.400","6.140","6.400","6.140","2.51M","3.56%"
"11/28/2021","6.180","6.200","6.230","5.920","2.80M","-3.74%"
"11/25/2021","6.420","6.350","6.450","6.340","1.75M","1.26%"
"11/24/2021","6.340","6.200","6.360","6.200","3.40M","2.76%"
"11/23/2021","6.170","6.100","6.180","6.020","2.27M","1.15%"
"11/22/2021","6.100","6.210","6.270","6.100","3.27M","-1.77%"
"11/21/2021","6.210","6.380","6.400","6.200","3.03M","-2.97%"
"11/18/2021","6.400","6.400","6.450","6.310","3.41M","0.00%"
"11/17/2021","6.400","6.290","6.420","6.200","2.08M","1.59%"
"11/16/2021","6.300","6.180","6.300","6.080","1.05M","1.94%"
"11/15/2021","6.180","6.010","6.180","5.980","1.82M","2.83%"
"11/14/2021","6.010","6.060","6.060","5.980","1.95M","-0.83%"
"11/11/2021","6.060","5.990","6.060","5.980","1.56M","1.00%"
"11/10/2021","6.000","5.870","6.050","5.850","4.29M","1.69%"
"11/09/2021","5.900","5.900","5.910","5.840","3.67M","0.34%"
"11/08/2021","5.880","5.860","5.890","5.840","958.80K","0.34%"
"11/07/2021","5.860","5.850","5.860","5.830","1.21M","-0.34%"
"11/04/2021","5.880","5.860","5.890","5.790","2.91M","1.38%"
"11/03/2021","5.800","5.880","5.920","5.800","2.55M","-1.69%"
"11/02/2021","5.900","5.810","5.950","5.800","3.38M","0.85%"
"11/01/2021","5.850","5.880","5.880","5.780","3.25M","0.17%"
"10/28/2021","5.840","5.820","5.850","5.800","1.22M","0.34%"
"10/27/2021","5.820","5.780","5.820","5.780","751.16K","0.69%"
"10/26/2021","5.780","5.800","5.870","5.780","3.45M","-0.69%"
"10/25/2021","5.820","5.700","5.900","5.690","3.47M","2.11%"
"10/24/2021","5.700","5.740","5.750","5.700","1.19M","-0.52%"
"10/20/2021","5.730","5.690","5.750","5.680","1.82M","0.70%"
"10/19/2021","5.690","5.710","5.710","5.670","661.66K","-0.35%"
"10/18/2021","5.710","5.690","5.710","5.680","1.98M","0.35%"
"10/17/2021","5.690","5.680","5.720","5.670","2.17M","0.18%"
"10/14/2021","5.680","5.630","5.680","5.610","1.88M","0.89%"
"10/13/2021","5.630","5.620","5.640","5.590","1.79M","-0.18%"
"10/12/2021","5.640","5.620","5.640","5.610","966.59K","0.53%"
"10/11/2021","5.610","5.620","5.650","5.610","896.35K","-0.36%"
"10/10/2021","5.630","5.650","5.650","5.620","382.64K","-1.05%"
"10/07/2021","5.690","5.610","5.690","5.610","3.20M","0.89%"
"10/06/2021","5.640","5.660","5.660","5.620","1.36M","-0.53%"
"10/05/2021","5.670","5.590","5.670","5.560","1.23M","1.07%"
"10/04/2021","5.610","5.660","5.670","5.600","1.88M","-0.71%"
"10/03/2021","5.650","5.790","5.800","5.650","1.00M","-2.42%"
"09/30/2021","5.790","5.700","5.790","5.700","1.98M","1.58%"
"09/29/2021","5.700","5.670","5.710","5.640","1.25M","0.53%"
"09/28/2021","5.670","5.700","5.740","5.650","1.94M","-0.70%"
"09/27/2021","5.710","5.620","5.710","5.620","1.30M","1.24%"
"09/26/2021","5.640","5.630","5.660","5.610","937.94K","0.71%"
"09/23/2021","5.600","5.650","5.690","5.600","1.77M","-1.41%"
"09/22/2021","5.680","5.600","5.690","5.600","1.20M","1.07%"
"09/21/2021","5.620","5.700","5.700","5.590","2.56M","-1.40%"
"09/20/2021","5.700","5.760","5.760","5.700","1.60M","-1.38%"
"09/19/2021","5.780","5.750","5.820","5.720","2.79M","0.52%"
"09/16/2021","5.750","5.640","5.750","5.610","6.67M","1.59%"
"09/15/2021","5.660","5.640","5.660","5.620","1.09M","0.35%"
"09/14/2021","5.640","5.600","5.640","5.590","1.16M","0.53%"
"09/13/2021","5.610","5.620","5.620","5.560","1.28M","-0.18%"
"09/12/2021","5.620","5.630","5.640","5.620","427.77K","-0.53%"
"09/09/2021","5.650","5.620","5.660","5.620","2.65M","0.18%"
"09/08/2021","5.640","5.620","5.640","5.610","804.41K","0.00%"
"09/07/2021","5.640","5.630","5.660","5.600","2.20M","0.18%"
"09/06/2021","5.630","5.620","5.630","5.570","1.41M","0.36%"
"09/05/2021","5.610","5.640","5.640","5.610","941.03K","-0.53%"
"09/02/2021","5.640","5.630","5.640","5.570","1.60M","0.00%"
"09/01/2021","5.640","5.650","5.660","5.620","812.23K","0.00%"
"08/31/2021","5.640","5.600","5.650","5.570","7.27M","0.71%"
"08/30/2021","5.600","5.550","5.600","5.540","1.06M","1.08%"
"08/29/2021","5.540","5.530","5.570","5.530","480.56K","-0.54%"
"08/26/2021","5.570","5.530","5.570","5.530","2.08M","0.36%"
"08/25/2021","5.550","5.550","5.560","5.530","2.30M","0.00%"
"08/24/2021","5.550","5.550","5.560","5.520","2.39M","0.00%"
"08/23/2021","5.550","5.520","5.560","5.500","2.95M","0.54%"
"08/22/2021","5.520","5.480","5.520","5.470","614.90K","0.36%"
"08/19/2021","5.500","5.490","5.500","5.450","2.29M","0.18%"
"08/18/2021","5.490","5.500","5.540","5.460","3.81M","0.18%"
"08/17/2021","5.480","5.460","5.500","5.400","6.67M","0.00%"
"08/16/2021","5.480","5.440","5.480","5.430","2.53M","0.37%"
"08/15/2021","5.460","5.480","5.490","5.430","2.55M","-0.36%"
"08/11/2021","5.480","5.520","5.520","5.460","2.38M","-0.54%"
"08/10/2021","5.510","5.550","5.550","5.510","905.10K","-0.36%"
"08/09/2021","5.530","5.540","5.550","5.530","1.13M","-0.18%"
"08/08/2021","5.540","5.530","5.560","5.530","838.35K","-0.18%"
"08/05/2021","5.550","5.570","5.570","5.490","2.29M","-0.36%"
"08/04/2021","5.570","5.600","5.600","5.550","1.20M","-0.54%"
"08/03/2021","5.600","5.570","5.610","5.550","2.87M","0.18%"
"08/02/2021","5.590","5.610","5.610","5.560","2.02M","-0.36%"
"08/01/2021","5.610","5.550","5.630","5.530","4.57M","1.45%"
"07/29/2021","5.530","5.520","5.560","5.480","3.79M","0.91%"
"07/28/2021","5.480","5.430","5.510","5.420","2.22M","1.48%"
"07/27/2021","5.400","5.430","5.440","5.370","2.97M","-0.55%"
"07/26/2021","5.430","5.440","5.440","5.360","2.92M","-0.73%"
"07/25/2021","5.470","5.400","5.470","5.390","646.31K","2.05%"
"07/18/2021","5.360","5.400","5.420","5.360","498.90K","-0.74%"
"07/15/2021","5.400","5.460","5.460","5.400","845.63K","-0.92%"
"07/14/2021","5.450","5.450","5.460","5.420","1.50M","-0.73%"
"07/13/2021","5.490","5.420","5.490","5.420","2.04M","0.55%"
"07/12/2021","5.460","5.470","5.500","5.450","1.04M","-0.73%"
"07/11/2021","5.500","5.550","5.550","5.480","877.37K","-0.90%"
"07/08/2021","5.550","5.410","5.550","5.400","2.49M","2.21%"
"07/07/2021","5.430","5.450","5.480","5.410","2.12M","-0.37%"
"07/06/2021","5.450","5.510","5.510","5.450","844.36K","-0.91%"
"07/05/2021","5.500","5.510","5.520","5.490","843.17K","-0.36%"
"07/04/2021","5.520","5.540","5.540","5.480","541.28K","0.73%"
"07/01/2021","5.480","5.490","5.560","5.480","2.10M","0.00%"
"06/30/2021","5.480","5.540","5.540","5.480","1.74M","-1.08%"
"06/29/2021","5.540","5.510","5.540","5.480","805.82K","0.54%"
"06/28/2021","5.510","5.500","5.540","5.470","3.28M","0.00%"
"06/27/2021","5.510","5.490","5.510","5.490","1.04M","0.73%"
"06/24/2021","5.470","5.600","5.610","5.470","3.46M","-2.84%"
"06/23/2021","5.630","5.590","5.670","5.590","4.93M","0.90%"
"06/22/2021","5.580","5.570","5.580","5.560","463.37K","0.00%"
"06/21/2021","5.580","5.570","5.590","5.550","773.35K","-0.18%"
"06/20/2021","5.590","5.590","5.610","5.540","1.21M","-0.18%"
"06/17/2021","5.600","5.520","5.610","5.500","4.48M","1.27%"
"06/16/2021","5.530","5.470","5.610","5.460","4.85M","1.10%"
"06/15/2021","5.470","5.510","5.510","5.450","4.09M","-0.55%"
"06/14/2021","5.500","5.500","5.540","5.490","1.80M","0.00%"
"06/13/2021","5.500","5.590","5.590","5.470","2.65M","-1.43%"
"06/10/2021","5.580","5.570","5.580","5.500","2.06M","-0.18%"
"06/09/2021","5.590","5.600","5.650","5.550","2.99M","0.36%"
"06/08/2021","5.570","5.450","5.600","5.400","3.55M","2.20%"
"06/07/2021","5.450","5.440","5.450","5.410","1.77M","0.74%"
"06/06/2021","5.410","5.450","5.470","5.410","417.88K","-0.73%"
"06/03/2021","5.450","5.510","5.510","5.430","3.17M","-1.27%"
"06/02/2021","5.520","5.490","5.600","5.440","4.17M","0.00%"
"06/01/2021","5.520","5.480","5.520","5.390","1.31M","-0.36%"
"05/31/2021","5.540","5.400","5.540","5.290","5.28M","1.09%"
"05/30/2021","5.480","5.680","5.680","5.410","3.85M","-3.01%"
"05/27/2021","5.650","5.600","5.680","5.560","11.23M","0.89%"
"05/26/2021","5.600","5.490","5.600","5.420","4.96M","2.19%"
"05/25/2021","5.480","5.360","5.490","5.360","5.88M","2.05%"
"05/24/2021","5.370","5.450","5.460","5.370","3.33M","-1.47%"
"05/23/2021","5.450","5.420","5.460","5.420","1.21M","-0.18%"
"05/20/2021","5.460","5.380","5.460","5.370","3.35M","1.11%"
"05/19/2021","5.400","5.410","5.410","5.350","1.56M","-0.55%"
"05/18/2021","5.430","5.330","5.450","5.330","6.69M","1.12%"
"05/17/2021","5.370","5.110","5.370","5.110","5.80M","4.27%"
"05/16/2021","5.150","5.050","5.160","5.050","3.95M","1.78%"
"05/10/2021","5.060","5.040","5.090","5.020","2.21M","0.40%"
"05/09/2021","5.040","5.090","5.090","5.030","1.88M","0.20%"
"05/06/2021","5.030","4.970","5.030","4.970","3.83M","1.21%"
"05/05/2021","4.970","4.970","4.980","4.940","1.67M","-0.20%"
"05/04/2021","4.980","4.950","4.990","4.950","3.27M","0.40%"
"05/03/2021","4.960","4.870","5.000","4.870","6.91M","2.90%"
"05/02/2021","4.820","4.850","4.850","4.820","417.62K","-0.21%"
"04/29/2021","4.830","4.910","4.910","4.830","2.03M","-1.23%"
"04/28/2021","4.890","4.890","4.920","4.880","1.56M","0.41%"
"04/27/2021","4.870","4.910","4.910","4.870","958.70K","-0.81%"
"04/26/2021","4.910","4.890","4.910","4.880","665.07K","0.41%"
"04/25/2021","4.890","4.900","4.910","4.890","753.84K","-0.61%"
"04/22/2021","4.920","4.870","4.920","4.870","1.32M","1.23%"
"04/21/2021","4.860","4.950","4.950","4.860","1.87M","-2.21%"
"04/20/2021","4.970","4.940","4.970","4.930","1.75M","0.40%"
"04/19/2021","4.950","4.920","4.950","4.890","1.47M","0.61%"
"04/18/2021","4.920","4.970","4.970","4.910","459.00K","-0.81%"
"04/15/2021","4.960","4.930","4.960","4.890","2.91M","0.61%"
"04/14/2021","4.930","4.900","4.930","4.880","4.14M","0.61%"
"04/13/2021","4.900","4.930","4.970","4.900","2.93M","-5.04%"
"04/12/2021","5.160","5.110","5.160","5.110","6.18M","0.78%"
"04/11/2021","5.120","5.070","5.130","5.070","3.25M","1.19%"
"04/08/2021","5.060","5.030","5.080","5.020","1.83M","0.20%"
"04/07/2021","5.050","5.100","5.100","5.030","1.48M","-0.98%"
"04/06/2021","5.100","5.090","5.120","5.070","4.59M","0.39%"
"04/05/2021","5.080","5.020","5.090","5.020","6.99M","1.20%"
"04/04/2021","5.020","4.950","5.050","4.930","4.71M","1.62%"
"04/01/2021","4.940","4.900","4.940","4.880","2.16M","1.23%"
"03/31/2021","4.880","4.890","4.890","4.860","2.71M","-0.41%"
"03/30/2021","4.900","4.870","4.900","4.850","4.26M","0.41%"
"03/29/2021","4.880","4.860","4.880","4.840","1.29M","0.62%"
"03/28/2021","4.850","4.860","4.870","4.850","326.71K","-0.41%"
"03/25/2021","4.870","4.850","4.890","4.850","3.76M","0.00%"
"03/24/2021","4.870","4.850","4.870","4.840","1.45M","0.21%"
"03/23/2021","4.860","4.870","4.870","4.820","2.43M","0.41%"
"03/22/2021","4.840","4.870","4.870","4.810","1.56M","-0.62%"
"03/21/2021","4.870","4.900","4.900","4.870","589.83K","-0.41%"
"03/18/2021","4.890","4.890","4.900","4.860","4.01M","-0.20%"
"03/17/2021","4.900","4.920","4.920","4.870","2.44M","0.20%"
"03/16/2021","4.890","4.850","4.910","4.850","3.38M","0.62%"
"03/15/2021","4.860","4.780","4.870","4.780","4.13M","1.46%"
"03/14/2021","4.790","4.750","4.790","4.740","4.98M","1.05%"
"03/11/2021","4.740","4.770","4.780","4.720","4.53M","0.21%"
"03/10/2021","4.730","4.760","4.760","4.700","6.84M","-0.84%"
"03/09/2021","4.770","4.740","4.770","4.710","3.52M","0.63%"
"03/08/2021","4.740","4.810","4.810","4.600","4.74M","-1.46%"
"03/07/2021","4.810","4.830","4.850","4.800","2.95M","0.00%"
"03/04/2021","4.810","4.870","4.880","4.790","3.24M","-1.43%"
"03/03/2021","4.880","4.900","4.900","4.850","1.85M","-0.41%"
"03/02/2021","4.900","4.900","4.930","4.890","1.41M","0.00%"
"03/01/2021","4.900","4.970","4.970","4.870","2.52M","-0.61%"
"02/28/2021","4.930","4.990","4.990","4.880","1.27M","-1.20%"
"02/25/2021","4.990","4.790","4.990","4.780","10.93M","4.39%"
"02/24/2021","4.780","4.830","4.830","4.760","2.31M","-1.24%"
"02/23/2021","4.840","4.780","4.840","4.780","2.59M","1.04%"
"02/22/2021","4.790","4.760","4.790","4.730","2.41M","0.63%"
"02/21/2021","4.760","4.820","4.840","4.740","2.18M","-1.04%"
"02/18/2021","4.810","4.820","4.820","4.790","2.58M","0.00%"
"02/17/2021","4.810","4.800","4.810","4.780","5.92M","0.00%"
"02/16/2021","4.810","4.880","4.910","4.800","2.43M","-1.64%"
"02/15/2021","4.890","4.900","4.930","4.880","2.07M","0.00%"
"02/14/2021","4.890","4.930","4.930","4.880","1.34M","-0.61%"
"02/11/2021","4.920","4.920","4.950","4.900","1.80M","-0.81%"
"02/10/2021","4.960","4.920","4.960","4.900","1.74M","0.61%"
"02/09/2021","4.930","4.910","4.930","4.890","3.29M","0.61%"
"02/08/2021","4.900","4.920","4.950","4.900","2.17M","-0.61%"
"02/07/2021","4.930","4.910","4.950","4.840","5.91M","0.00%"
"02/04/2021","4.930","4.990","5.010","4.930","3.66M","-1.99%"
"02/03/2021","5.030","5.030","5.040","4.980","4.00M","-0.20%"
"02/02/2021","5.040","5.030","5.050","5.020","4.37M","0.40%"
"02/01/2021","5.020","4.940","5.060","4.940","7.14M","1.21%"
"01/31/2021","4.960","4.980","4.980","4.910","5.46M","-1.00%"
"01/28/2021","5.010","4.910","5.010","4.910","3.40M","-0.60%"
"01/27/2021","5.040","4.960","5.040","4.940","4.46M","2.23%"
"01/26/2021","4.930","4.970","4.990","4.890","3.46M","-0.80%"
"01/25/2021","4.970","5.020","5.060","4.970","4.39M","-1.00%"
"01/24/2021","5.020","5.000","5.030","4.980","1.39M","0.20%"
"01/21/2021","5.010","5.140","5.140","5.000","2.43M","-2.53%"
"01/20/2021","5.140","5.100","5.160","5.090","2.56M","1.18%"
"01/19/2021","5.080","5.080","5.140","5.060","4.62M","0.20%"
"01/18/2021","5.070","4.940","5.070","4.940","4.72M","2.22%"
"01/17/2021","4.960","4.980","5.000","4.960","1.16M","-0.80%"
"01/14/2021","5.000","5.010","5.020","4.960","1.45M","-0.79%"
"01/13/2021","5.040","4.980","5.040","4.980","3.44M","0.80%"
"01/12/2021","5.000","5.000","5.000","4.950","4.57M","1.01%"
"01/11/2021","4.950","4.800","4.950","4.780","4.03M","2.70%"
"01/10/2021","4.820","4.780","4.820","4.780","3.66M","0.84%"
"01/07/2021","4.780","4.770","4.780","4.740","1.17M","0.21%"
"01/06/2021","4.770","4.750","4.770","4.740","2.06M","-0.21%"
"01/05/2021","4.780","4.710","4.780","4.710","3.37M","1.27%"
"01/04/2021","4.720","4.690","4.730","4.650","3.73M","0.43%"
"01/03/2021","4.700","4.750","4.750","4.690","480.41K","0.00%"
"12/31/2020","4.700","4.680","4.750","4.680","2.53M","-1.05%"
"12/30/2020","4.750","4.670","4.750","4.650","1.04M","0.85%"
"12/29/2020","4.710","4.730","4.730","4.690","697.00K","-0.42%"
"12/28/2020","4.730","4.700","4.730","4.670","1.23M","0.64%"
"12/27/2020","4.700","4.760","4.760","4.700","1.14M","-1.47%"
"12/24/2020","4.770","4.760","4.770","4.750","663.90K","0.00%"
"12/23/2020","4.770","4.730","4.790","4.720","1.40M","0.85%"
"12/22/2020","4.730","4.590","4.730","4.590","3.38M","2.60%"
"12/21/2020","4.610","4.800","4.800","4.590","3.99M","-4.55%"
"12/20/2020","4.830","4.860","4.860","4.820","1.03M","-0.41%"
"12/17/2020","4.850","4.800","4.850","4.790","1.80M","1.04%"
"12/16/2020","4.800","4.800","4.830","4.760","2.63M","-0.41%"
"12/15/2020","4.820","4.800","4.840","4.770","3.90M","-0.41%"
"12/14/2020","4.840","4.750","4.850","4.750","6.73M","1.89%"
"12/13/2020","4.750","4.750","4.770","4.700","4.26M","0.00%"
"12/10/2020","4.750","4.690","4.750","4.650","4.21M","1.28%"
"12/09/2020","4.690","4.700","4.710","4.670","4.23M","0.21%"
"12/08/2020","4.680","4.630","4.680","4.630","3.26M","0.65%"
"12/07/2020","4.650","4.660","4.690","4.610","5.34M","-0.64%"
"12/06/2020","4.680","4.700","4.700","4.630","5.26M","-0.43%"
"11/30/2020","4.700","4.810","4.810","4.610","115.41M","-2.08%"
"11/29/2020","4.800","4.820","4.820","4.770","5.33M","0.21%"
"11/26/2020","4.790","4.700","4.850","4.670","17.71M","1.91%"
"11/25/2020","4.700","4.680","4.730","4.650","8.18M","0.21%"
"11/24/2020","4.690","4.670","4.700","4.650","8.43M","0.43%"
"11/23/2020","4.670","4.580","4.670","4.580","13.20M","1.74%"
"11/22/2020","4.590","4.630","4.630","4.550","4.07M","0.00%"
"11/19/2020","4.590","4.590","4.600","4.560","3.81M","-0.43%"
"11/18/2020","4.610","4.610","4.620","4.550","7.21M","-0.22%"
"11/17/2020","4.620","4.630","4.660","4.590","7.59M","-0.86%"
"11/16/2020","4.660","4.600","4.660","4.560","8.70M","1.53%"
"11/15/2020","4.590","4.520","4.620","4.520","1.90M","0.22%"
"11/12/2020","4.580","4.570","4.600","4.560","5.26M","0.44%"
"11/11/2020","4.560","4.480","4.600","4.470","17.18M","2.47%"
"11/10/2020","4.450","4.500","4.510","4.410","5.88M","-0.45%"
"11/09/2020","4.470","4.500","4.520","4.470","7.06M","-0.67%"
"11/08/2020","4.500","4.480","4.540","4.480","3.51M","0.45%"
"11/05/2020","4.480","4.600","4.670","4.470","6.22M","-1.97%"
"11/04/2020","4.570","4.380","4.600","4.380","9.50M","4.10%"
"11/03/2020","4.390","4.320","4.390","4.320","6.91M","2.09%"
"11/02/2020","4.300","4.280","4.310","4.260","1.90M","0.00%"
"11/01/2020","4.300","4.350","4.360","4.250","1.92M","-1.15%"
"10/28/2020","4.350","4.250","4.460","4.240","9.25M","3.08%"
"10/27/2020","4.220","4.220","4.260","4.210","4.83M","0.00%"
"10/26/2020","4.220","4.170","4.250","4.170","7.62M","0.48%"
"10/25/2020","4.200","4.190","4.200","4.190","1.37M","0.00%"
"10/22/2020","4.200","4.190","4.220","4.190","2.88M","0.24%"
"10/21/2020","4.190","4.250","4.250","4.180","2.18M","-0.48%"
"10/20/2020","4.210","4.240","4.240","4.210","1.18M","-0.94%"
"10/19/2020","4.250","4.290","4.290","4.230","4.48M","-0.93%"
"10/18/2020","4.290","4.270","4.320","4.270","2.28M","0.23%"
"10/15/2020","4.280","4.190","4.290","4.180","3.98M","1.90%"
"10/14/2020","4.200","4.210","4.220","4.170","26.27M","-0.24%"
"10/13/2020","4.210","4.200","4.230","4.200","3.88M","0.24%"
"10/12/2020","4.200","4.180","4.210","4.180","2.50M","0.72%"
"10/11/2020","4.170","4.160","4.190","4.150","1.29M","0.24%"
"10/08/2020","4.160","4.190","4.190","4.140","4.11M","0.24%"
"10/07/2020","4.150","4.170","4.190","4.150","996.87K","-0.72%"
"10/06/2020","4.180","4.200","4.200","4.160","1.01M","0.00%"
"10/05/2020","4.180","4.210","4.220","4.180","265.49K","-0.24%"
"10/04/2020","4.190","4.200","4.200","4.160","337.44K","-0.71%"
"10/01/2020","4.220","4.250","4.260","4.210","1.16M","-1.63%"
"09/30/2020","4.290","4.270","4.300","4.260","1.50M","-0.23%"
"09/29/2020","4.300","4.310","4.330","4.280","7.37M","-0.23%"
"09/28/2020","4.310","4.150","4.330","4.150","12.94M","3.61%"
"09/27/2020","4.160","4.130","4.160","4.130","1.21M","0.97%"
"09/24/2020","4.120","4.100","4.140","4.090","2.08M","0.24%"
"09/23/2020","4.110","4.060","4.150","4.060","7.94M","1.23%"
"09/22/2020","4.060","4.060","4.090","4.040","4.87M","-0.49%"
"09/21/2020","4.080","4.170","4.170","4.080","4.22M","-2.16%"
"09/20/2020","4.170","4.140","4.200","4.120","5.04M","1.71%"
"09/17/2020","4.100","4.250","4.250","4.100","18.58M","-3.07%"
"09/16/2020","4.230","4.240","4.270","4.180","5.53M","0.00%"
"09/15/2020","4.230","4.170","4.240","4.170","3.66M","1.93%"
"09/14/2020","4.150","4.180","4.190","4.140","3.45M","-0.24%"
"09/13/2020","4.160","4.190","4.190","4.150","2.04M","-0.72%"
"09/10/2020","4.190","4.170","4.200","4.170","2.78M","0.48%"
"09/09/2020","4.170","4.060","4.190","4.050","7.03M","1.96%"
"09/08/2020","4.090","4.060","4.090","4.060","4.49M","1.24%"
"09/07/2020","4.040","4.020","4.060","4.020","1.98M","0.50%"
"09/06/2020","4.020","4.020","4.060","4.010","2.50M","-1.23%"
"09/03/2020","4.070","4.050","4.070","4.040","2.12M","0.99%"
"09/02/2020","4.030","4.020","4.050","4.020","956.83K","0.25%"
"09/01/2020","4.020","4.000","4.050","4.000","1.69M","0.50%"
"08/31/2020","4.000","4.050","4.060","4.000","2.42M","-1.23%"
"08/30/2020","4.050","4.040","4.070","4.040","1.20M","0.50%"
"08/27/2020","4.030","4.040","4.040","4.010","4.04M","-0.25%"
"08/26/2020","4.040","4.080","4.080","4.030","4.30M","-0.98%"
"08/25/2020","4.080","4.030","4.090","4.020","3.67M","1.24%"
"08/24/2020","4.030","4.050","4.050","4.010","2.96M","0.75%"
"08/20/2020","4.000","4.000","4.040","3.950","9.13M","0.50%"
"08/19/2020","3.980","3.810","4.000","3.810","13.18M","4.46%"
"08/18/2020","3.810","3.790","3.830","3.780","3.05M","0.26%"
"08/17/2020","3.800","3.750","3.830","3.750","3.44M","1.33%"
"08/16/2020","3.750","3.760","3.780","3.740","2.55M","0.81%"
"08/13/2020","3.720","3.740","3.760","3.720","4.10M","-0.53%"
"08/12/2020","3.740","3.710","3.740","3.700","996.78K","0.27%"
"08/11/2020","3.730","3.700","3.750","3.700","1.73M","0.81%"
"08/10/2020","3.700","3.730","3.730","3.690","1.23M","0.00%"
"08/09/2020","3.700","3.720","3.720","3.700","67.76K","-1.07%"
"08/06/2020","3.740","3.720","3.740","3.680","1.40M","0.27%"
"08/05/2020","3.730","3.690","3.730","3.680","1.09M","0.81%"
"08/04/2020","3.700","3.680","3.700","3.590","2.03M","0.54%"
"08/03/2020","3.680","3.680","3.740","3.660","2.62M","-0.54%"
"07/29/2020","3.700","3.670","3.710","3.660","3.25M","1.09%"
"07/28/2020","3.660","3.700","3.700","3.660","1.14M","0.27%"
"07/27/2020","3.650","3.670","3.690","3.650","1.18M","-0.27%"
"07/26/2020","3.660","3.620","3.660","3.580","2.20M","0.83%"
"07/23/2020","3.630","3.660","3.670","3.630","1.08M","-1.09%"
"07/22/2020","3.670","3.700","3.700","3.640","1.98M","-0.54%"
"07/21/2020","3.690","3.680","3.700","3.680","486.86K","0.00%"
"07/20/2020","3.690","3.700","3.700","3.670","1.20M","0.00%"
"07/19/2020","3.690","3.660","3.700","3.660","492.90K","-0.54%"
"07/16/2020","3.710","3.680","3.710","3.660","1.92M","0.82%"
"07/15/2020","3.680","3.730","3.740","3.680","3.07M","-1.34%"
"07/14/2020","3.730","3.740","3.740","3.700","2.16M","-0.27%"
"07/13/2020","3.740","3.760","3.770","3.730","1.14M","-0.80%"
"07/12/2020","3.770","3.730","3.780","3.730","1.42M","0.53%"
"07/09/2020","3.750","3.810","3.810","3.740","2.94M","-0.79%"
"07/08/2020","3.780","3.830","3.870","3.780","3.76M","-1.31%"
"07/07/2020","3.830","3.850","3.890","3.800","8.49M","1.32%"
"07/06/2020","3.780","3.770","3.800","3.760","3.46M","0.80%"
"07/05/2020","3.750","3.760","3.760","3.730","700.91K","-0.27%"
"07/02/2020","3.760","3.710","3.760","3.710","1.81M","0.53%"
"07/01/2020","3.740","3.680","3.750","3.660","4.45M","1.36%"
"06/30/2020","3.690","3.760","3.760","3.690","4.28M","-1.07%"
"06/29/2020","3.730","3.750","3.750","3.720","1.03M","-0.53%"
"06/28/2020","3.750","3.740","3.750","3.720","1.52M","0.27%"
"06/25/2020","3.740","3.730","3.750","3.720","694.47K","0.27%"
"06/24/2020","3.730","3.790","3.800","3.730","4.71M","-1.58%"
"06/23/2020","3.790","3.790","3.800","3.760","3.82M","0.80%"
"06/22/2020","3.760","3.770","3.770","3.740","2.55M","0.27%"
"06/21/2020","3.750","3.750","3.760","3.740","1.06M","-0.79%"
"06/18/2020","3.780","3.730","3.780","3.700","5.07M","1.07%"
"06/17/2020","3.740","3.720","3.740","3.700","1.62M","0.54%"
"06/16/2020","3.720","3.750","3.770","3.710","4.56M","1.09%"
"06/15/2020","3.680","3.690","3.700","3.650","5.67M","-0.81%"
"06/14/2020","3.710","3.700","3.730","3.640","4.22M","-0.27%"
"06/11/2020","3.720","3.720","3.750","3.700","1.68M","-0.80%"
"06/10/2020","3.750","3.760","3.780","3.720","2.83M","0.00%"
"06/09/2020","3.750","3.790","3.830","3.740","7.25M","-2.09%"
"06/08/2020","3.830","3.810","3.870","3.750","21.18M","1.32%"
"06/07/2020","3.780","3.460","3.800","3.460","26.88M","9.88%"
"06/04/2020","3.440","3.430","3.470","3.430","9.21M","0.58%"
"06/03/2020","3.420","3.410","3.450","3.400","6.15M","0.88%"
"06/02/2020","3.390","3.360","3.420","3.360","4.51M","0.89%"
"06/01/2020","3.360","3.410","3.420","3.360","1.03M","-0.88%"
"05/31/2020","3.390","3.400","3.430","3.380","1.12M","-0.29%"
"05/28/2020","3.400","3.450","3.450","3.400","4.74M","0.00%"
"05/27/2020","3.400","3.380","3.420","3.350","10.38M","3.34%"
"05/21/2020","3.290","3.280","3.330","3.250","2.66M","0.30%"
"05/20/2020","3.280","3.210","3.280","3.210","1.93M","2.18%"
"05/19/2020","3.210","3.290","3.300","3.210","7.45M","-1.53%"
"05/18/2020","3.260","3.310","3.310","3.260","3.84M","-0.91%"
"05/17/2020","3.290","3.300","3.300","3.260","2.52M","0.92%"
"05/14/2020","3.260","3.290","3.290","3.250","2.55M","-1.21%"
"05/13/2020","3.300","3.270","3.340","3.270","3.12M","-0.30%"
"05/12/2020","3.310","3.350","3.350","3.270","2.08M","0.00%"
"05/11/2020","3.310","3.360","3.360","3.260","4.87M","-1.49%"
"05/10/2020","3.360","3.400","3.400","3.360","110.12K","-0.59%"
"05/07/2020","3.380","3.400","3.410","3.370","2.91M","-1.46%"
"05/06/2020","3.430","3.410","3.460","3.400","3.66M","0.59%"
"05/05/2020","3.410","3.470","3.500","3.410","3.33M","-1.16%"
"05/04/2020","3.450","3.420","3.480","3.360","3.35M","0.88%"
"05/03/2020","3.420","3.590","3.590","3.420","4.55M","-4.74%"
"04/30/2020","3.590","3.560","3.600","3.550","5.88M","1.41%"
"04/29/2020","3.540","3.540","3.570","3.520","5.34M","0.57%"
"04/28/2020","3.520","3.470","3.540","3.450","5.85M","0.86%"
"04/27/2020","3.490","3.450","3.490","3.410","4.15M","1.45%"
"04/26/2020","3.440","3.380","3.440","3.370","10.86M","2.99%"
"04/23/2020","3.340","3.380","3.420","3.340","5.68M","-0.60%"
"04/22/2020","3.360","3.320","3.370","3.190","2.55M","1.20%"
"04/21/2020","3.320","3.390","3.390","3.270","11.18M","-3.49%"
"04/20/2020","3.440","3.450","3.450","3.400","1.74M","-0.29%"
"04/19/2020","3.450","3.500","3.540","3.420","3.87M","0.29%"
"04/16/2020","3.440","3.420","3.490","3.400","2.03M","-1.15%"
"04/15/2020","3.480","3.550","3.550","3.440","3.65M","-0.57%"
"04/14/2020","3.500","3.420","3.540","3.410","3.63M","2.04%"
"04/13/2020","3.430","3.400","3.510","3.400","4.83M","0.88%"
"04/12/2020","3.400","3.360","3.440","3.360","7.92M","2.10%"
"04/09/2020","3.330","3.290","3.390","3.290","10.09M","2.15%"
"04/08/2020","3.260","3.380","3.380","3.210","5.09M","-2.10%"
"04/07/2020","3.330","3.330","3.330","3.330","2.83M","-4.86%"
"04/06/2020","3.500","3.480","3.550","3.480","12.28M","-4.37%"
"04/05/2020","3.660","3.880","3.890","3.660","4.45M","-4.94%"
"04/02/2020","3.850","3.830","3.910","3.820","2.29M","-0.26%"
"04/01/2020","3.860","3.970","3.990","3.800","6.84M","-3.26%"
"03/31/2020","3.990","3.810","3.990","3.810","2.96M","2.05%"
"03/30/2020","3.910","4.020","4.020","3.900","1.07M","-2.25%"
"03/29/2020","4.000","3.900","4.050","3.900","2.02M","1.27%"
"03/26/2020","3.950","4.010","4.050","3.920","1.91M","-1.25%"
"03/25/2020","4.000","3.810","4.070","3.810","7.06M","6.67%"
"03/24/2020","3.750","3.660","3.780","3.660","2.96M","3.31%"
"03/23/2020","3.630","3.800","3.800","3.620","1.10M","-4.47%"
"03/22/2020","3.800","3.960","3.960","3.800","1.31M","-4.52%"
"03/19/2020","3.980","3.660","4.010","3.600","3.53M","6.42%"
"03/18/2020","3.740","3.750","3.830","3.660","5.77M","1.08%"
"03/17/2020","3.700","3.610","3.750","3.610","3.13M","-1.33%"
"03/16/2020","3.750","3.880","3.930","3.740","4.54M","-4.09%"
"03/15/2020","3.910","4.260","4.260","3.900","4.92M","-5.78%"
"03/12/2020","4.150","4.390","4.390","4.100","5.45M","-8.79%"
"03/11/2020","4.550","4.730","4.730","4.520","3.51M","-1.73%"
"03/10/2020","4.630","4.350","4.800","4.350","6.14M","3.35%"
"03/09/2020","4.480","4.380","4.590","4.380","3.93M","-7.82%"
"03/08/2020","4.860","5.000","5.060","4.860","4.90M","-10.00%"
"03/05/2020","5.400","5.400","5.500","5.320","3.59M","-0.92%"
"03/04/2020","5.450","5.300","5.590","5.300","3.15M","-2.50%"
"03/03/2020","5.590","5.450","5.590","5.450","4.04M","2.76%"
"03/02/2020","5.440","5.390","5.500","5.300","2.03M","4.62%"
"03/01/2020","5.200","5.350","5.350","5.100","10.12M","-5.28%"
"02/27/2020","5.490","5.330","5.500","5.330","1.64M","-0.54%"
"02/26/2020","5.520","5.450","5.540","5.400","1.18M","-0.90%"
"02/25/2020","5.570","5.500","5.570","5.500","803.54K","-0.36%"
"02/24/2020","5.590","5.670","5.670","5.580","900.78K","-1.24%"
"02/23/2020","5.660","5.670","5.670","5.640","718.45K","-0.88%"
"02/20/2020","5.710","5.650","5.740","5.650","1.95M","-0.35%"
"02/19/2020","5.730","5.720","5.740","5.690","916.68K","0.70%"
"02/18/2020","5.690","5.710","5.740","5.690","1.58M","-0.70%"
"02/17/2020","5.730","5.640","5.750","5.640","2.12M","1.24%"
"02/16/2020","5.660","5.650","5.680","5.650","441.23K","0.18%"
"02/13/2020","5.650","5.700","5.710","5.640","2.84M","-0.35%"
"02/12/2020","5.670","5.700","5.700","5.650","547.07K","-0.53%"
"02/11/2020","5.700","5.750","5.750","5.650","596.51K","-0.18%"
"02/10/2020","5.710","5.750","5.750","5.700","1.10M","-0.35%"
"02/09/2020","5.730","5.740","5.770","5.710","380.37K","-0.35%"
"02/06/2020","5.750","5.730","5.770","5.730","2.05M","1.05%"
"02/05/2020","5.690","5.730","5.730","5.660","483.93K","0.00%"
"02/04/2020","5.690","5.670","5.700","5.670","852.19K","0.18%"
"02/03/2020","5.680","5.700","5.730","5.680","1.53M","-0.53%"
"02/02/2020","5.710","5.750","5.750","5.660","578.90K","-0.70%"
"01/30/2020","5.750","5.800","5.800","5.700","843.79K","-0.86%"
"01/29/2020","5.800","5.700","5.810","5.700","3.03M","0.69%"
"01/28/2020","5.760","5.720","5.760","5.720","1.78M","0.70%"
"01/27/2020","5.720","5.730","5.750","5.700","1.89M","-1.04%"
"01/26/2020","5.780","5.780","5.800","5.770","1.44M","-0.52%"
"01/23/2020","5.810","5.780","5.850","5.780","4.53M","0.17%"
"01/22/2020","5.800","5.750","5.830","5.720","4.21M","1.22%"
"01/21/2020","5.730","5.740","5.770","5.690","3.41M","-0.35%"
"01/20/2020","5.750","5.640","5.780","5.630","2.61M","2.13%"
"01/19/2020","5.630","5.540","5.630","5.540","1.16M","0.72%"
"01/16/2020","5.590","5.530","5.600","5.530","2.50M","1.08%"
"01/15/2020","5.530","5.490","5.530","5.480","808.23K","0.36%"
"01/14/2020","5.510","5.510","5.510","5.490","1.80M","0.00%"
"01/13/2020","5.510","5.430","5.540","5.420","2.99M","1.10%"
"01/12/2020","5.450","5.450","5.480","5.450","946.10K","0.37%"
"01/09/2020","5.430","5.380","5.450","5.340","2.29M","2.26%"
"01/08/2020","5.310","5.350","5.350","5.280","591.07K","-0.75%"
"01/07/2020","5.350","5.290","5.360","5.280","737.42K","0.94%"
"01/06/2020","5.300","5.300","5.310","5.260","802.98K","0.57%"
"01/05/2020","5.270","5.360","5.360","5.270","2.30M","-2.04%"
"01/02/2020","5.380","5.400","5.400","5.380","1.75M","-0.19%"